hp,lp,sum,accel,gyro
0.000000,-0.102688,-0.102688,-0.102688,-0.102688
-0.001127,-0.102741,-0.103868,-0.105332,-0.103838
-0.002086,-0.102844,-0.104931,-0.107918,-0.104840
-0.002921,-0.103046,-0.105968,-0.112945,-0.105735
-0.003792,-0.103223,-0.107015,-0.111892,-0.106683
-0.004959,-0.103358,-0.108316,-0.109945,-0.107950
-0.006582,-0.103635,-0.110217,-0.117243,-0.109708
-0.008705,-0.104116,-0.112821,-0.127638,-0.112009
-0.011413,-0.104760,-0.116173,-0.136360,-0.114949
-0.014890,-0.105620,-0.120510,-0.147741,-0.118731
-0.019343,-0.106639,-0.125981,-0.156561,-0.123578
-0.024823,-0.107864,-0.132687,-0.167901,-0.129565
-0.031415,-0.109447,-0.140862,-0.187019,-0.136798
-0.039096,-0.111615,-0.150712,-0.217846,-0.145277
-0.047700,-0.113993,-0.161692,-0.230494,-0.154854
-0.057759,-0.115811,-0.173570,-0.204893,-0.166093
-0.069497,-0.116699,-0.186196,-0.160210,-0.179249
-0.081720,-0.117749,-0.199469,-0.169191,-0.193140
-0.092916,-0.118311,-0.211227,-0.145854,-0.206232
-0.099618,-0.119231,-0.218849,-0.164308,-0.214967
-0.103451,-0.121557,-0.225009,-0.235561,-0.220911
-0.105861,-0.122488,-0.228349,-0.168103,-0.225481
-0.108306,-0.123176,-0.231481,-0.156855,-0.230136
-0.111213,-0.125051,-0.236265,-0.216968,-0.235313
-0.115096,-0.127635,-0.242731,-0.254225,-0.241545
-0.120488,-0.129280,-0.249769,-0.209904,-0.249396
-0.126890,-0.131670,-0.258560,-0.248781,-0.258387
-0.133090,-0.133097,-0.266186,-0.202983,-0.267303
-0.138466,-0.135075,-0.273541,-0.232007,-0.275506
-0.143339,-0.137399,-0.280737,-0.251271,-0.283304
-0.148145,-0.140352,-0.288497,-0.285068,-0.291133
-0.153607,-0.143487,-0.297094,-0.297104,-0.299730
-0.159972,-0.146921,-0.306893,-0.315164,-0.309360
-0.167505,-0.150370,-0.317874,-0.319369,-0.320311
-0.176004,-0.153681,-0.329684,-0.315919,-0.332402
-0.184875,-0.157304,-0.342180,-0.334868,-0.345046
-0.193517,-0.161016,-0.354534,-0.342902,-0.357638
-0.201924,-0.164577,-0.366501,-0.339073,-0.370165
-0.210601,-0.168531,-0.379132,-0.362251,-0.383140
-0.219167,-0.172950,-0.392117,-0.389473,-0.396179
-0.227374,-0.177517,-0.404891,-0.401322,-0.409026
-0.235385,-0.182489,-0.417874,-0.426097,-0.421841
-0.243069,-0.187440,-0.430509,-0.430027,-0.434486
-0.250391,-0.192529,-0.442920,-0.441933,-0.446917
-0.257347,-0.197661,-0.455007,-0.449082,-0.459125
-0.264258,-0.203111,-0.467369,-0.470201,-0.471429
-0.271270,-0.208717,-0.479987,-0.483396,-0.483978
-0.278425,-0.214441,-0.492866,-0.494929,-0.496814
-0.285248,-0.220276,-0.505524,-0.506181,-0.509459
-0.291841,-0.225736,-0.517576,-0.493254,-0.522008
-0.298740,-0.231664,-0.530405,-0.522174,-0.535004
-0.305951,-0.237780,-0.543730,-0.537435,-0.548458
-0.313622,-0.244579,-0.558201,-0.577722,-0.562531
-0.321245,-0.251455,-0.572700,-0.588380,-0.576709
-0.329394,-0.258334,-0.587728,-0.595440,-0.591580
-0.338257,-0.265449,-0.603706,-0.614071,-0.607346
-0.347809,-0.272357,-0.620165,-0.610819,-0.623996
-0.358067,-0.279673,-0.637740,-0.638170,-0.641563
-0.368465,-0.287290,-0.655756,-0.660547,-0.659480
-0.378906,-0.296570,-0.675475,-0.751250,-0.677654
-0.388146,-0.304444,-0.692590,-0.690282,-0.694815
-0.397139,-0.312377,-0.709515,-0.701097,-0.711913
-0.405659,-0.320967,-0.726626,-0.741875,-0.728712
-0.413539,-0.329681,-0.743221,-0.756699,-0.745032
-0.420907,-0.338589,-0.759496,-0.775051,-0.760989
-0.427960,-0.347868,-0.775829,-0.802564,-0.776777
-0.435510,-0.356683,-0.792192,-0.788585,-0.793214
-0.444432,-0.365586,-0.810018,-0.801838,-0.811206
-0.453781,-0.374023,-0.827804,-0.787454,-0.829816
-0.461753,-0.383552,-0.845305,-0.850464,-0.847212
-0.468971,-0.393514,-0.862485,-0.881664,-0.864000
-0.475554,-0.403475,-0.879029,-0.891569,-0.880288
-0.481681,-0.413399,-0.895081,-0.899679,-0.896246
-0.487634,-0.423811,-0.911445,-0.933961,-0.912151
-0.493509,-0.434300,-0.927810,-0.948290,-0.928097
-0.499100,-0.445157,-0.944257,-0.977146,-0.943874
-0.504193,-0.456018,-0.960212,-0.988220,-0.959256
-0.508589,-0.467212,-0.975801,-1.015687,-0.974032
-0.511863,-0.478466,-0.990330,-1.029939,-0.987752
-0.513621,-0.489936,-1.003557,-1.051926,-0.999992
-0.513642,-0.501628,-1.015270,-1.074531,-1.010496
-0.511815,-0.513196,-1.025011,-1.080053,-1.019114
-0.508396,-0.524488,-1.032884,-1.077786,-1.026070
-0.503573,-0.535477,-1.039050,-1.073946,-1.031524
-0.497437,-0.546246,-1.043683,-1.073929,-1.035540
-0.490015,-0.556712,-1.046727,-1.069553,-1.038118
-0.481415,-0.566777,-1.048192,-1.059940,-1.039343
-0.471724,-0.576547,-1.048271,-1.055297,-1.039279
-0.461287,-0.586224,-1.047511,-1.060385,-1.038256
-0.450621,-0.595702,-1.046323,-1.060151,-1.036786
-0.440262,-0.604790,-1.045052,-1.050069,-1.035412
-0.430507,-0.613606,-1.044113,-1.045607,-1.034443
-0.421301,-0.622100,-1.043401,-1.038305,-1.033835
-0.412353,-0.630433,-1.042786,-1.038741,-1.033303
-0.403355,-0.638433,-1.041787,-1.030427,-1.032536
-0.394150,-0.646232,-1.040381,-1.028375,-1.031375
-0.384732,-0.653642,-1.038374,-1.016743,-1.029809
-0.375273,-0.660917,-1.036190,-1.017383,-1.028008
-0.365951,-0.668100,-1.034051,-1.020081,-1.026155
-0.356868,-0.674964,-1.031832,-1.011303,-1.024355
-0.348165,-0.681511,-1.029676,-1.002322,-1.022757
-0.340011,-0.687837,-1.027849,-0.997821,-1.021542
-0.332334,-0.694079,-1.026413,-0.999918,-1.020648
-0.325040,-0.700177,-1.025218,-0.999000,-1.019987
-0.317986,-0.706227,-1.024213,-1.002644,-1.019423
-0.310979,-0.712279,-1.023258,-1.008824,-1.018762
-0.303935,-0.718205,-1.022140,-1.008610,-1.017920
-0.297031,-0.724070,-1.021101,-1.011438,-1.017079
-0.290370,-0.729873,-1.020244,-1.014216,-1.016344
-0.283968,-0.735478,-1.019446,-1.010106,-1.015737
-0.277767,-0.740821,-1.018588,-1.002663,-1.015204
-0.271637,-0.746081,-1.017718,-1.003796,-1.014618
-0.265327,-0.751267,-1.016595,-1.005394,-1.013723
-0.258685,-0.756428,-1.015112,-1.009290,-1.012360
-0.251611,-0.761348,-1.012959,-1.002461,-1.010421
-0.244105,-0.766219,-1.010324,-1.004886,-1.007896
-0.236205,-0.770915,-1.007120,-1.001006,-1.004818
-0.227911,-0.775355,-1.003266,-0.992938,-1.001174
-0.219240,-0.779679,-0.998919,-0.991560,-0.996977
-0.210115,-0.783760,-0.993875,-0.983711,-0.992141
-0.200516,-0.787500,-0.988016,-0.970779,-0.986634
-0.190356,-0.791179,-0.981536,-0.971441,-0.980359
-0.179607,-0.794577,-0.974184,-0.961067,-0.973275
-0.168279,-0.797859,-0.966138,-0.958656,-0.965382
-0.156364,-0.800927,-0.957290,-0.951268,-0.956657
-0.143945,-0.803846,-0.947791,-0.946873,-0.947176
-0.131138,-0.806519,-0.937657,-0.937495,-0.937046
-0.118107,-0.809045,-0.927152,-0.932846,-0.926425
-0.104930,-0.811457,-0.916387,-0.929636,-0.915389
-0.091942,-0.813465,-0.905408,-0.911853,-0.904278
-0.079330,-0.815118,-0.894448,-0.896128,-0.893284
-0.066855,-0.816520,-0.883374,-0.885177,-0.882174
-0.054274,-0.817516,-0.871790,-0.866344,-0.870701
-0.041695,-0.818178,-0.859872,-0.850593,-0.858972
-0.029179,-0.818693,-0.847872,-0.843929,-0.847052
-0.016694,-0.818696,-0.835390,-0.818830,-0.834908
-0.004386,-0.818622,-0.823008,-0.814998,-0.822689
0.007707,-0.818494,-0.810787,-0.812260,-0.810439
0.019736,-0.817809,-0.798073,-0.784231,-0.798007
0.031712,-0.817157,-0.785445,-0.785194,-0.785384
0.043856,-0.816383,-0.772527,-0.778441,-0.772345
0.056122,-0.815261,-0.759139,-0.760325,-0.758933
0.068216,-0.813795,-0.745578,-0.741933,-0.745447
0.079912,-0.812121,-0.732209,-0.730090,-0.732121
0.091217,-0.810211,-0.718994,-0.716625,-0.718954
0.102192,-0.808320,-0.706128,-0.715673,-0.705894
0.112989,-0.806169,-0.693180,-0.700765,-0.692791
0.123622,-0.803745,-0.680124,-0.684974,-0.679635
0.134251,-0.801303,-0.667052,-0.681617,-0.666266
0.145252,-0.798893,-0.653641,-0.680820,-0.652300
0.156681,-0.796299,-0.639618,-0.669171,-0.637674
0.168079,-0.793034,-0.624955,-0.633090,-0.622846
0.178790,-0.789478,-0.610688,-0.615200,-0.608486
0.188577,-0.785763,-0.597186,-0.603721,-0.594850
0.197698,-0.781887,-0.584188,-0.591964,-0.581694
0.206324,-0.777302,-0.570978,-0.552634,-0.568858
0.214339,-0.772922,-0.558583,-0.558318,-0.556469
0.221922,-0.768519,-0.546597,-0.552787,-0.544357
0.229364,-0.763821,-0.534457,-0.533588,-0.532234
0.236730,-0.759090,-0.522360,-0.527280,-0.520037
0.244042,-0.754396,-0.510354,-0.524404,-0.507744
0.251480,-0.749572,-0.498091,-0.513161,-0.495174
0.258947,-0.744394,-0.485447,-0.490679,-0.482423
0.266327,-0.739080,-0.472753,-0.478698,-0.469607
0.273559,-0.733826,-0.460267,-0.476400,-0.456792
0.280814,-0.728400,-0.447586,-0.462514,-0.443807
0.288299,-0.723229,-0.434929,-0.469825,-0.430438
0.296345,-0.718004,-0.421659,-0.462001,-0.416344
0.305033,-0.712374,-0.407340,-0.436495,-0.401430
0.314039,-0.706335,-0.392296,-0.410446,-0.386016
0.323042,-0.699906,-0.376864,-0.384867,-0.370421
0.331812,-0.693227,-0.361415,-0.365944,-0.354878
0.340334,-0.686432,-0.346098,-0.353500,-0.339411
0.348571,-0.679436,-0.330865,-0.336619,-0.324060
0.356393,-0.672380,-0.315988,-0.326651,-0.308965
0.363890,-0.665310,-0.301419,-0.318862,-0.294041
0.371291,-0.658216,-0.286925,-0.310606,-0.279064
0.378783,-0.650809,-0.272026,-0.287863,-0.263841
0.386418,-0.643674,-0.257256,-0.294054,-0.248320
0.394401,-0.636591,-0.242190,-0.289547,-0.232288
0.402705,-0.629387,-0.226682,-0.276358,-0.215765
0.410801,-0.621736,-0.210935,-0.246871,-0.199286
0.418025,-0.613993,-0.195968,-0.234583,-0.183531
0.424134,-0.605825,-0.181692,-0.205598,-0.168766
0.428899,-0.597325,-0.168426,-0.180810,-0.155248
0.432149,-0.588728,-0.156579,-0.167484,-0.143178
0.434061,-0.580221,-0.146161,-0.163376,-0.132409
0.435026,-0.571856,-0.136831,-0.161979,-0.122566
0.435073,-0.563482,-0.128409,-0.153154,-0.113639
0.434076,-0.555298,-0.121222,-0.154275,-0.105777
0.432045,-0.547246,-0.115201,-0.152703,-0.098991
0.429073,-0.539110,-0.110038,-0.140449,-0.093207
0.425012,-0.530974,-0.105962,-0.132282,-0.088594
0.419925,-0.522835,-0.102909,-0.124007,-0.085111
0.413886,-0.514755,-0.100869,-0.118859,-0.082703
0.407122,-0.506904,-0.099782,-0.122220,-0.081159
0.399836,-0.498951,-0.099115,-0.109222,-0.080285
0.392131,-0.491168,-0.099037,-0.109800,-0.079987
0.384080,-0.483418,-0.099339,-0.103699,-0.080200
0.375855,-0.475740,-0.099885,-0.099502,-0.080754
0.367618,-0.468125,-0.100507,-0.094968,-0.081489
0.359514,-0.460491,-0.100977,-0.086437,-0.082256
0.351499,-0.452860,-0.101361,-0.078929,-0.083097
0.343602,-0.445151,-0.101548,-0.067411,-0.083982
0.335864,-0.437586,-0.101722,-0.066912,-0.084866
0.328385,-0.430307,-0.101922,-0.073635,-0.085643
0.321326,-0.423199,-0.101873,-0.074926,-0.086144
0.314827,-0.416330,-0.101503,-0.079721,-0.086219
0.308916,-0.409563,-0.100647,-0.078004,-0.085825
0.303448,-0.402797,-0.099349,-0.071259,-0.085100
0.298308,-0.396054,-0.097745,-0.065625,-0.084152
0.293334,-0.389679,-0.096345,-0.077311,-0.083140
0.288417,-0.383447,-0.095030,-0.078082,-0.082171
0.283526,-0.377435,-0.093909,-0.082844,-0.081276
0.278544,-0.371875,-0.093331,-0.099458,-0.080573
0.273527,-0.366605,-0.093079,-0.108386,-0.080008
0.268745,-0.361424,-0.092679,-0.107538,-0.079305
0.264404,-0.356331,-0.091927,-0.106774,-0.078250
0.260504,-0.351168,-0.090663,-0.098153,-0.076834
0.256818,-0.345975,-0.089157,-0.091552,-0.075278
0.253185,-0.340739,-0.087553,-0.084137,-0.073744
0.249593,-0.335653,-0.086059,-0.086445,-0.072242
0.245948,-0.330768,-0.084820,-0.091413,-0.070868
0.242313,-0.326207,-0.083894,-0.102721,-0.069558
0.238876,-0.321846,-0.082969,-0.108150,-0.068120
0.235769,-0.317549,-0.081780,-0.107022,-0.066415
0.233152,-0.313468,-0.080316,-0.113502,-0.064274
0.231120,-0.309063,-0.077943,-0.093218,-0.061590
0.229483,-0.304340,-0.074857,-0.072921,-0.058543
0.228046,-0.299667,-0.071620,-0.070661,-0.055326
0.226951,-0.294789,-0.067838,-0.055769,-0.051789
0.226442,-0.289691,-0.063249,-0.039908,-0.047677
0.226726,-0.284976,-0.058251,-0.053948,-0.042767
0.228205,-0.280512,-0.052307,-0.061746,-0.036631
0.231157,-0.276288,-0.045131,-0.069326,-0.028961
0.235846,-0.272321,-0.036475,-0.077908,-0.019459
0.242038,-0.268078,-0.026039,-0.060172,-0.008327
0.249328,-0.263444,-0.014116,-0.036404,0.004052
0.257130,-0.258262,-0.001131,-0.004313,0.017101
0.264943,-0.253089,0.011854,0.000355,0.030321
0.272652,-0.247911,0.024741,0.005796,0.043594
0.280551,-0.242994,0.037558,-0.002032,0.057219
0.289159,-0.238125,0.051034,0.000461,0.071728
0.298597,-0.233041,0.065556,0.016065,0.087260
0.308744,-0.227345,0.081399,0.051756,0.103707
0.319376,-0.221194,0.098183,0.080225,0.120858
0.330287,-0.214279,0.116008,0.124534,0.138510
0.341053,-0.206819,0.134235,0.158748,0.156236
0.352209,-0.198262,0.153947,0.221008,0.174579
0.362432,-0.190805,0.171627,0.174576,0.192199
0.372576,-0.183872,0.188704,0.155861,0.209946
0.382130,-0.176697,0.205433,0.174877,0.227299
0.391536,-0.169246,0.222289,0.195847,0.244695
0.401024,-0.161490,0.239534,0.218548,0.262368
0.410584,-0.153285,0.257299,0.248790,0.280307
0.420287,-0.144549,0.275738,0.283494,0.298587
0.429816,-0.135133,0.294683,0.326268,0.316888
0.438852,-0.125483,0.313369,0.347363,0.334880
0.447269,-0.116128,0.331142,0.342283,0.352425
0.455403,-0.107153,0.348250,0.332621,0.369853
0.463719,-0.098790,0.364928,0.310958,0.387632
0.472515,-0.090123,0.382392,0.334579,0.406072
0.481428,-0.081162,0.400266,0.357937,0.424810
0.490601,-0.071517,0.419085,0.401101,0.443995
0.499842,-0.060881,0.438960,0.460251,0.463437
0.508740,-0.049764,0.458977,0.494991,0.482718
0.517200,-0.038316,0.478884,0.522609,0.501733
0.525136,-0.027020,0.498116,0.526500,0.520386
0.532328,-0.015508,0.516820,0.548562,0.538442
0.538667,-0.003972,0.534695,0.561298,0.555774
0.544075,0.007330,0.551406,0.561160,0.572285
0.548425,0.018640,0.567065,0.572790,0.587827
0.551550,0.029588,0.581138,0.566077,0.602208
0.553902,0.039927,0.593829,0.546497,0.615865
0.556385,0.049952,0.606337,0.541188,0.629703
0.559403,0.060186,0.619589,0.561656,0.644137
0.562570,0.070724,0.633294,0.587116,0.658785
0.565516,0.081865,0.647381,0.627743,0.673272
0.568216,0.093486,0.661702,0.662912,0.687568
0.570684,0.105210,0.675894,0.679700,0.701683
0.572644,0.116985,0.689629,0.693959,0.715329
0.573749,0.128526,0.702275,0.694016,0.728144
0.574061,0.139879,0.713940,0.696186,0.740171
0.573833,0.150967,0.724801,0.694302,0.751655
0.573339,0.161661,0.735000,0.685652,0.762861
0.573043,0.172053,0.745096,0.681276,0.774259
0.573128,0.182417,0.755545,0.690210,0.786041
0.573191,0.192891,0.766082,0.706131,0.797802
0.572741,0.203796,0.776537,0.738136,0.809040
0.570974,0.215018,0.785992,0.764918,0.818926
0.567228,0.226171,0.793399,0.772680,0.826756
0.561541,0.237665,0.799206,0.800858,0.832529
0.554653,0.249106,0.803759,0.809691,0.836961
0.547141,0.260247,0.807388,0.806177,0.840615
0.539382,0.271057,0.810439,0.800720,0.843864
0.531570,0.281597,0.813167,0.798094,0.846900
0.523768,0.291952,0.815720,0.799339,0.849787
0.515725,0.302235,0.817960,0.806104,0.852269
0.507227,0.312602,0.819829,0.820586,0.854122
0.498105,0.322912,0.821018,0.828105,0.855166
0.488373,0.333186,0.821559,0.836602,0.855401
0.478282,0.343579,0.821861,0.852834,0.855070
0.467965,0.353882,0.821846,0.858721,0.854303
0.457572,0.363743,0.821314,0.846918,0.853249
0.447199,0.373293,0.820492,0.841267,0.852003
0.437055,0.382716,0.819771,0.844440,0.850777
0.427228,0.391803,0.819030,0.837047,0.849670
0.417723,0.400843,0.818566,0.843842,0.848690
0.408345,0.409885,0.818230,0.852913,0.847646
0.398800,0.418931,0.817731,0.862184,0.846239
0.388924,0.427592,0.816517,0.851996,0.844301
0.378807,0.436019,0.814826,0.848940,0.841914
0.368642,0.444070,0.812712,0.838549,0.839273
0.358566,0.451694,0.810259,0.825262,0.836514
0.348638,0.458924,0.807562,0.813200,0.833701
0.338888,0.465900,0.804788,0.807738,0.830868
0.329282,0.472662,0.801944,0.804021,0.827981
0.319648,0.479139,0.798787,0.796504,0.824870
0.309966,0.485364,0.795330,0.790361,0.821515
0.300228,0.491328,0.791556,0.783596,0.817903
0.290361,0.496922,0.787283,0.771033,0.813962
0.280304,0.502218,0.782523,0.761709,0.809626
0.269740,0.507076,0.776816,0.745129,0.804566
0.258666,0.511714,0.770379,0.738942,0.798771
0.247103,0.516315,0.763418,0.741761,0.792252
0.235114,0.520784,0.755899,0.739805,0.785061
0.222499,0.525225,0.747724,0.742822,0.776986
0.209301,0.529287,0.738587,0.728307,0.768060
0.195771,0.533183,0.728954,0.724104,0.758525
0.182189,0.536794,0.718983,0.713721,0.748661
0.168753,0.540111,0.708864,0.702663,0.738669
0.155481,0.543248,0.698729,0.696926,0.728570
0.142255,0.545756,0.688012,0.668675,0.718248
0.128845,0.548016,0.676861,0.658735,0.707467
0.114962,0.550304,0.665266,0.662425,0.695931
0.100741,0.552360,0.653101,0.653084,0.683765
0.086230,0.554263,0.640493,0.647535,0.671014
0.071352,0.555511,0.626863,0.616653,0.657592
0.056092,0.555806,0.611898,0.570238,0.643477
0.040762,0.556280,0.597042,0.579509,0.628979
0.025425,0.556433,0.581858,0.563931,0.614161
0.010239,0.556117,0.566356,0.540651,0.599183
-0.004634,0.555485,0.550851,0.524484,0.584216
-0.019177,0.554959,0.535782,0.529218,0.569281
-0.033545,0.554297,0.520752,0.521848,0.554229
-0.047855,0.553675,0.505820,0.523204,0.538943
-0.062108,0.552877,0.490768,0.513748,0.523422
-0.076327,0.551789,0.475462,0.498482,0.507645
-0.090700,0.550057,0.459357,0.465203,0.491421
-0.105109,0.547793,0.442684,0.436868,0.474867
-0.119439,0.545048,0.425609,0.410527,0.458100
-0.133451,0.542056,0.408606,0.395471,0.441364
-0.147005,0.538960,0.391955,0.387233,0.424810
-0.160142,0.536084,0.375942,0.395137,0.408405
-0.173162,0.533624,0.360462,0.413099,0.391851
-0.186193,0.531662,0.345469,0.435543,0.375020
-0.199173,0.529465,0.330292,0.421805,0.357975
-0.212018,0.526453,0.314435,0.378845,0.340803
-0.224627,0.522628,0.298001,0.335208,0.323610
-0.237109,0.517381,0.280272,0.260312,0.306289
-0.249373,0.511485,0.262112,0.222562,0.288936
-0.261319,0.505030,0.243711,0.188718,0.271657
-0.272723,0.498492,0.225769,0.178151,0.254687
-0.283690,0.491574,0.207884,0.152593,0.237931
-0.294417,0.484675,0.190259,0.146624,0.221195
-0.305482,0.477836,0.172354,0.142710,0.203896
-0.317203,0.471107,0.153904,0.141407,0.185701
-0.329734,0.464247,0.134513,0.128088,0.166441
-0.343163,0.457206,0.114043,0.112188,0.146009
-0.357419,0.450089,0.092670,0.101371,0.124459
-0.372058,0.442844,0.070787,0.087853,0.102227
-0.386613,0.435231,0.048618,0.062161,0.079782
-0.400887,0.427789,0.026902,0.063163,0.057326
-0.415033,0.420631,0.005598,0.069873,0.034710
-0.428989,0.413627,-0.015362,0.070422,0.011999
-0.442855,0.406438,-0.036417,0.054182,-0.010904
-0.456004,0.398232,-0.057773,-0.003877,-0.033360
-0.468087,0.389654,-0.078433,-0.030657,-0.054996
-0.479009,0.380751,-0.098259,-0.055516,-0.075694
-0.488429,0.371395,-0.117035,-0.087041,-0.095082
-0.496575,0.362303,-0.134272,-0.083176,-0.113362
-0.503754,0.353262,-0.150492,-0.089747,-0.130821
-0.509954,0.344115,-0.165840,-0.104120,-0.147429
-0.514934,0.334557,-0.180377,-0.133770,-0.162918
-0.518291,0.324697,-0.193594,-0.158466,-0.176851
-0.519481,0.314384,-0.205098,-0.190948,-0.188644
-0.518101,0.303588,-0.214513,-0.225377,-0.197837
-0.514264,0.292656,-0.221608,-0.243022,-0.204495
-0.507768,0.282235,-0.225533,-0.228405,-0.208362
-0.498970,0.272319,-0.226651,-0.213560,-0.209747
-0.488479,0.262580,-0.225899,-0.214631,-0.209225
-0.476716,0.252907,-0.223809,-0.221091,-0.207190
-0.464070,0.243239,-0.220831,-0.230455,-0.204016
-0.450864,0.233745,-0.217118,-0.231474,-0.200010
-0.437253,0.224245,-0.213008,-0.241248,-0.195323
-0.423288,0.215060,-0.208229,-0.235040,-0.189997
-0.409352,0.206369,-0.202983,-0.219458,-0.184415
-0.396029,0.197993,-0.198036,-0.212432,-0.179174
-0.383692,0.190050,-0.193643,-0.199192,-0.174668
-0.372469,0.182417,-0.190052,-0.191593,-0.171046
-0.362253,0.174821,-0.187432,-0.197384,-0.168223
-0.352868,0.167085,-0.185783,-0.211947,-0.166039
-0.343921,0.159085,-0.184836,-0.232936,-0.164111
-0.335143,0.151272,-0.183870,-0.231548,-0.162172
-0.326749,0.144212,-0.182537,-0.201746,-0.160446
-0.319055,0.137698,-0.181357,-0.181484,-0.159264
-0.312340,0.131446,-0.180894,-0.174912,-0.158923
-0.306469,0.125286,-0.181182,-0.176527,-0.159306
-0.301049,0.119033,-0.182016,-0.187379,-0.160031
-0.295863,0.112886,-0.182977,-0.188315,-0.160883
-0.290656,0.106905,-0.183751,-0.186145,-0.161607
-0.285334,0.101214,-0.184119,-0.177651,-0.162108
-0.279658,0.095898,-0.183760,-0.164580,-0.162140
-0.273439,0.090676,-0.182762,-0.165208,-0.161501
-0.266665,0.085568,-0.181097,-0.164731,-0.160169
-0.259463,0.080638,-0.178825,-0.160933,-0.158262
-0.252040,0.075571,-0.176469,-0.172715,-0.155983
-0.244431,0.070547,-0.173884,-0.175641,-0.153362
-0.236870,0.065626,-0.171244,-0.175508,-0.150635
-0.229648,0.061043,-0.168604,-0.163505,-0.148100
-0.222988,0.056474,-0.166514,-0.167434,-0.145991
-0.216878,0.052086,-0.164793,-0.162922,-0.144307
-0.211163,0.047909,-0.163254,-0.156755,-0.142901
-0.205666,0.043641,-0.162025,-0.165497,-0.141602
-0.200102,0.039339,-0.160763,-0.171447,-0.140121
-0.194450,0.035167,-0.159283,-0.169257,-0.138438
-0.188703,0.031365,-0.157337,-0.154918,-0.136542
-0.182987,0.027031,-0.155956,-0.185351,-0.134560
-0.177553,0.024352,-0.153200,-0.106917,-0.132749
-0.172770,0.020491,-0.152278,-0.168677,-0.131492
-0.168510,0.016439,-0.152071,-0.182117,-0.130672
-0.164587,0.013636,-0.150951,-0.123745,-0.130107
-0.160951,0.009641,-0.151310,-0.186106,-0.129756
-0.157596,0.006035,-0.151561,-0.170653,-0.129617
-0.154580,0.002470,-0.152109,-0.172188,-0.129756
-0.151874,-0.000728,-0.152603,-0.157460,-0.130150
-0.149442,-0.003816,-0.153259,-0.155138,-0.130768
-0.147205,-0.006813,-0.154018,-0.153656,-0.131535
-0.144940,-0.009647,-0.154586,-0.148497,-0.132227
-0.142521,-0.012445,-0.154966,-0.149572,-0.132717
-0.139911,-0.015109,-0.155019,-0.145610,-0.132962
-0.137060,-0.018028,-0.155088,-0.161074,-0.132909
-0.133902,-0.020756,-0.154657,-0.154424,-0.132483
-0.130524,-0.023401,-0.153925,-0.153015,-0.131769
-0.127120,-0.025881,-0.153001,-0.147406,-0.130960
-0.123816,-0.028350,-0.152166,-0.149316,-0.130182
-0.120609,-0.030709,-0.151318,-0.146322,-0.129436
-0.117455,-0.033162,-0.150617,-0.153354,-0.128680
-0.114198,-0.035693,-0.149891,-0.159725,-0.127753
-0.110766,-0.038254,-0.149020,-0.163744,-0.126581
-0.107183,-0.040710,-0.147893,-0.161040,-0.125186
-0.103776,-0.042991,-0.146767,-0.154764,-0.123897
-0.100865,-0.045065,-0.145931,-0.146700,-0.123045
-0.098503,-0.047074,-0.145578,-0.145502,-0.122693
-0.096606,-0.049025,-0.145632,-0.144628,-0.122768
-0.094935,-0.051078,-0.146014,-0.151677,-0.123034
-0.093339,-0.053013,-0.146352,-0.147815,-0.123343
-0.091692,-0.054980,-0.146671,-0.151344,-0.123567
-0.090035,-0.056727,-0.146762,-0.142349,-0.123748
-0.088475,-0.058402,-0.146876,-0.140460,-0.123993
-0.086966,-0.060171,-0.147137,-0.146854,-0.124259
-0.085342,-0.061948,-0.147290,-0.149034,-0.124376
-0.083645,-0.063721,-0.147367,-0.150622,-0.124387
-0.081983,-0.065522,-0.147505,-0.153747,-0.124398
-0.080437,-0.067228,-0.147665,-0.150809,-0.124494
-0.078985,-0.069055,-0.148040,-0.158596,-0.124653
-0.077604,-0.070741,-0.148345,-0.153354,-0.124856
-0.076407,-0.072262,-0.148669,-0.146809,-0.125218
-0.075505,-0.073435,-0.148940,-0.130894,-0.125857
-0.074788,-0.074555,-0.149343,-0.129424,-0.126667
-0.073908,-0.075802,-0.149710,-0.136887,-0.127295
-0.072535,-0.077036,-0.149571,-0.137535,-0.127402
-0.070614,-0.078223,-0.148837,-0.136363,-0.126922
-0.068398,-0.079294,-0.147692,-0.131802,-0.126102
-0.066070,-0.080444,-0.146513,-0.136773,-0.125122
-0.063788,-0.081704,-0.145492,-0.143464,-0.124142
-0.061625,-0.082913,-0.144537,-0.142126,-0.123237
-0.059557,-0.084175,-0.143732,-0.146031,-0.122384
-0.057625,-0.085437,-0.143062,-0.147275,-0.121628
-0.055804,-0.086776,-0.142580,-0.152368,-0.120946
-0.054093,-0.088105,-0.142197,-0.153217,-0.120339
-0.052489,-0.089338,-0.141827,-0.149790,-0.119806
-0.051053,-0.090487,-0.141540,-0.146775,-0.119412
-0.049750,-0.091554,-0.141304,-0.143859,-0.119125
-0.048484,-0.092672,-0.141156,-0.147445,-0.118848
-0.047169,-0.093690,-0.140860,-0.143586,-0.118496
-0.045777,-0.094743,-0.140520,-0.146297,-0.118038
-0.044308,-0.095850,-0.140158,-0.150116,-0.117473
-0.042785,-0.096987,-0.139772,-0.152672,-0.116824
-0.041324,-0.098079,-0.139403,-0.151607,-0.116206
-0.040049,-0.098909,-0.138957,-0.139559,-0.115748
-0.039008,-0.099814,-0.138822,-0.144178,-0.115503
-0.038165,-0.100675,-0.138839,-0.142844,-0.115439
-0.037422,-0.101567,-0.138989,-0.145297,-0.115460
-0.036747,-0.102434,-0.139181,-0.144928,-0.115535
-0.036106,-0.103254,-0.139360,-0.143437,-0.115631
-0.035457,-0.104090,-0.139547,-0.145061,-0.115705
-0.034936,-0.104811,-0.139747,-0.140127,-0.115897
-0.034540,-0.105660,-0.140199,-0.147235,-0.116206
-0.034225,-0.106523,-0.140747,-0.148803,-0.116589
-0.033958,-0.107582,-0.141540,-0.159497,-0.117015
-0.033717,-0.108582,-0.142299,-0.157583,-0.117463
-0.033534,-0.109478,-0.143012,-0.153398,-0.117963
-0.033521,-0.110230,-0.143750,-0.147054,-0.118635
-0.033738,-0.110880,-0.144617,-0.142718,-0.119540
-0.033971,-0.111629,-0.145600,-0.148337,-0.120467
-0.033939,-0.112394,-0.146333,-0.149913,-0.121127
-0.033667,-0.113013,-0.146680,-0.143308,-0.121543
-0.033318,-0.113449,-0.146767,-0.134838,-0.121873
-0.033006,-0.113920,-0.146926,-0.137000,-0.122235
-0.032690,-0.114334,-0.147025,-0.134609,-0.122587
-0.032329,-0.114701,-0.147030,-0.132691,-0.122885
-0.031954,-0.114894,-0.146847,-0.124318,-0.123162
-0.031586,-0.115107,-0.146694,-0.125591,-0.123439
-0.031101,-0.115258,-0.146359,-0.122647,-0.123588
-0.030447,-0.115460,-0.145908,-0.125368,-0.123556
-0.029504,-0.115826,-0.145331,-0.133756,-0.123215
-0.028267,-0.116389,-0.144655,-0.143933,-0.122555
-0.026835,-0.116852,-0.143687,-0.139567,-0.121671
-0.025453,-0.117449,-0.142902,-0.146699,-0.120808
-0.024317,-0.117995,-0.142312,-0.144750,-0.120169
-0.023560,-0.118652,-0.142212,-0.150841,-0.119892
-0.023120,-0.119331,-0.142450,-0.152590,-0.119924
-0.022835,-0.120039,-0.142874,-0.154740,-0.120105
-0.022597,-0.120710,-0.143307,-0.153600,-0.120328
-0.022459,-0.121370,-0.143828,-0.153697,-0.120648
-0.022323,-0.121921,-0.144244,-0.148928,-0.120967
-0.022137,-0.122557,-0.144694,-0.153731,-0.121234
-0.021830,-0.123174,-0.145004,-0.153404,-0.121372
-0.021404,-0.123850,-0.145253,-0.156942,-0.121383
-0.020934,-0.124432,-0.145366,-0.152974,-0.121340
-0.020463,-0.124997,-0.145460,-0.152681,-0.121287
-0.020096,-0.125340,-0.145436,-0.142145,-0.121330
-0.019788,-0.125774,-0.145562,-0.147050,-0.121426
-0.019402,-0.126217,-0.145620,-0.147937,-0.121436
-0.018837,-0.126585,-0.145421,-0.144573,-0.121255
-0.018043,-0.126921,-0.144964,-0.143412,-0.120829
-0.017139,-0.127288,-0.144427,-0.145271,-0.120275
-0.016149,-0.127791,-0.143940,-0.152455,-0.119615
-0.015189,-0.128124,-0.143313,-0.144430,-0.118965
-0.014603,-0.128517,-0.143121,-0.147775,-0.118677
-0.014510,-0.128895,-0.143405,-0.147401,-0.118880
-0.014929,-0.129120,-0.144049,-0.140128,-0.119604
-0.015769,-0.129328,-0.145097,-0.139562,-0.120765
-0.016800,-0.129595,-0.146395,-0.142636,-0.122139
-0.017842,-0.130039,-0.147881,-0.151827,-0.123545
-0.018905,-0.130482,-0.149387,-0.152171,-0.124994
-0.020114,-0.130735,-0.150848,-0.143120,-0.126613
-0.021632,-0.130909,-0.152541,-0.139452,-0.128573

received SIGINT Ctrl-C

Exiting Cleanly
